id,created_at,nama,tahu_shape,tinggi,shoulder,bust,waist,hip,body_shape,gaya,outfit
5271,2026-06-06T03:36:21.160333+00:00,Phoebe,no,153.0,46.0,85.0,77.0,88.0,inverted,"['casual', 'sporty']","['kaos', 'celana', 'jeans']"
5272,2026-06-08T12:01:52.698836+00:00,Alika,no,159.0,40.0,98.0,68.0,92.0,pear,['casual'],['blus']
5273,2026-06-08T12:15:47.913282+00:00,Syafa,no,140.0,38.0,72.0,62.0,79.0,pear,"['casual', 'classic', 'sporty', 'formal']","['blus', 'kemeja', 'celana', 'blazer', 'rok', 'knit', 'setelan', 'kaos']"
5274,2026-06-08T13:23:21.493158+00:00,sahla,yes,,,,,,rectangle,['classic'],"['kemeja', 'celana', 'jeans', 'rok', 'blazer']"
5275,2026-06-08T16:24:13.875401+00:00,Yulan,yes,,,,,,rectangle,['casual'],"['kaos', 'celana']"
5276,2026-06-09T10:36:11.885431+00:00,Intan,yes,,,,,,hourglass,['casual'],['dress']
5277,2026-06-09T16:11:21.190833+00:00,Gita,no,154.0,39.0,85.0,55.0,95.0,rectangle,['casual'],"['kaos', 'celana', 'jeans', 'knit', 'kemeja']"
5278,2026-06-10T04:50:08.934848+00:00,Resti Jamilah,yes,,,,,,inverted,['casual'],"['kaos', 'celana', 'jeans', 'knit']"
5279,2026-06-11T15:22:45.007088+00:00,Viona,yes,,,,,,rectangle,['casual'],"['kaos', 'celana']"
5280,2026-06-12T04:26:02.716721+00:00,Patimah,no,155.0,92.0,90.0,68.0,91.0,hourglass,['casual'],"['dress', 'rok', 'blus']"
5281,2026-06-12T04:38:00.739541+00:00,Riri,no,154.0,88.0,89.0,74.0,88.0,rectangle,['formal'],"['setelan', 'kemeja', 'celana']"
5282,2026-06-12T04:39:05.672937+00:00,Nina,no,152.0,90.0,85.0,79.0,88.0,apple,['classic'],"['setelan', 'kemeja', 'rok']"
5283,2026-06-12T04:41:19.852403+00:00,Rina,no,157.0,94.0,92.0,69.0,93.0,hourglass,['casual'],"['dress', 'rok', 'kemeja']"
5284,2026-06-12T04:42:04.099893+00:00,Mila,no,156.0,89.0,90.0,75.0,89.0,rectangle,['formal'],"['setelan', 'blus', 'kemeja']"
5285,2026-06-12T04:42:47.26747+00:00,Nana,no,154.0,91.0,86.0,80.0,89.0,apple,['classic'],"['setelan', 'blazer', 'celana']"
5286,2026-06-12T04:44:51.096966+00:00,elsa,no,153.0,82.0,84.0,67.0,93.0,pear,['classic'],"['rok', 'blus', 'kemeja']"
5287,2026-06-12T04:45:46.499856+00:00,oca,no,156.0,96.0,92.0,71.0,88.0,inverted,['classic'],"['rok', 'kemeja', 'blazer']"
5288,2026-06-12T04:46:48.247956+00:00,anis,no,154.0,88.0,89.0,74.0,88.0,rectangle,['bohemian'],"['rok', 'blus', 'outer']"
5289,2026-06-12T04:47:49.299253+00:00,fitri,no,152.0,90.0,85.0,79.0,88.0,apple,['bohemian'],"['rok', 'outer', 'blus']"
5290,2026-06-12T04:49:23.310666+00:00,nora,no,153.0,82.0,84.0,67.0,93.0,pear,['formal'],"['blazer', 'kemeja', 'celana']"
5291,2026-06-12T04:50:39.384159+00:00,hana,no,157.0,94.0,92.0,69.0,93.0,hourglass,['classic'],"['dress', 'celana', 'kemeja']"
5292,2026-06-12T04:51:43.84207+00:00,Tari,no,159.0,96.0,94.0,71.0,95.0,hourglass,['classic'],"['dress', 'rok', 'blus']"
5293,2026-06-12T04:52:26.731713+00:00,Citra,no,161.0,98.0,96.0,73.0,97.0,hourglass,['bohemian'],"['dress', 'celana', 'blus']"
5294,2026-06-12T04:53:16.030479+00:00,Rita,no,156.0,93.0,87.0,82.0,91.0,apple,['classic'],"['setelan', 'blus', 'kemeja']"
5295,2026-06-12T04:54:03.514334+00:00,Fika,no,155.0,84.0,86.0,68.0,95.0,pear,['classic'],"['rok', 'kemeja', 'kaos']"
5296,2026-06-12T04:56:37.369586+00:00,Peni,no,158.0,98.0,94.0,73.0,90.0,inverted,['classic'],"['rok', 'kemeja', 'blazer']"
5297,2026-06-12T04:57:26.708022+00:00,Bela,no,156.0,89.0,90.0,75.0,89.0,rectangle,['bohemian'],"['rok', 'kaos', 'blus']"
5298,2026-06-12T04:58:16.522747+00:00,Hara,no,154.0,88.0,89.0,74.0,88.0,rectangle,['sporty'],"['outer', 'kaos', 'jeans']"
5299,2026-06-12T05:01:14.74249+00:00,Alfa,no,152.0,90.0,85.0,79.0,88.0,apple,['formal'],"['blazer', 'celana', 'kemeja']"
5300,2026-06-12T05:02:06.858359+00:00,Tiara,no,153.0,82.0,84.0,67.0,93.0,pear,['casual'],"['blus', 'jeans', 'kaos']"
5301,2026-06-12T05:03:08.379886+00:00,Salma,no,153.0,82.0,84.0,67.0,93.0,pear,['sporty'],"['kaos', 'celana', 'jeans']"
5302,2026-06-12T05:03:49.879223+00:00,Retno,no,156.0,96.0,92.0,71.0,88.0,inverted,['casual'],"['kaos', 'rok', 'celana']"
5303,2026-06-12T05:04:29.953977+00:00,Ananda,no,152.0,90.0,85.0,79.0,88.0,apple,['casual'],"['blus', 'celana', 'kaos', 'kemeja']"
5304,2026-06-12T05:05:31.20212+00:00,Endah,no,158.0,98.0,94.0,73.0,90.0,inverted,['casual'],"['kaos', 'jeans', 'rok', 'blus']"
5305,2026-06-12T05:06:24.579402+00:00,Maya,no,163.0,100.0,98.0,75.0,99.0,hourglass,['casual'],"['dress', 'rok', 'kaos']"
5306,2026-06-12T05:08:29.138972+00:00,Mega,no,155.0,92.0,90.0,68.0,91.0,hourglass,['bohemian'],"['dress', 'blus', 'outer']"
5307,2026-06-12T05:09:28.830191+00:00,Cica,no,158.0,95.0,89.0,84.0,93.0,apple,['classic'],"['setelan', 'rok', 'kemeja']"
5308,2026-06-12T05:10:20.610387+00:00,Gina,no,157.0,86.0,88.0,70.0,97.0,pear,['classic'],"['rok', 'blus', 'outer']"
5309,2026-06-12T05:11:59.68921+00:00,Rosa,no,160.0,100.0,96.0,74.0,92.0,inverted,['classic'],"['rok', 'blazer', 'kemeja']"
5310,2026-06-12T13:17:19.859172+00:00,Tri,no,164.0,95.0,96.0,81.0,95.0,rectangle,['classic'],"['kemeja', 'blazer', 'rok']"
5311,2026-06-12T13:18:29.268144+00:00,Nabila,no,163.0,91.0,93.0,75.0,102.0,pear,['sporty'],"['kaos', 'outer', 'celana']"
5312,2026-06-12T13:23:31.505807+00:00,Titi,no,163.0,100.0,98.0,75.0,99.0,hourglass,['sporty'],"['jumpsuit', 'jeans', 'blus']"
5313,2026-06-12T13:25:10.448464+00:00,Ira,no,161.0,90.0,92.0,74.0,101.0,pear,['classic'],"['rok', 'blus', 'knit']"
5314,2026-06-12T13:25:57.410313+00:00,Sela,no,162.0,102.0,98.0,76.0,94.0,inverted,['classic'],"['rok', 'kemeja', 'blus']"
5315,2026-06-12T13:26:53.631882+00:00,Mela,no,160.0,97.0,91.0,85.0,95.0,apple,['bohemian'],"['rok', 'blus', 'kaos']"
5316,2026-06-12T13:27:25.092871+00:00,Luna,no,158.0,95.0,89.0,84.0,93.0,apple,['bohemian'],"['rok', 'outer', 'kemeja']"
5317,2026-06-12T13:28:02.195473+00:00,Desi,no,160.0,92.0,93.0,78.0,92.0,rectangle,['bohemian'],"['rok', 'outer', 'blus']"
5318,2026-06-12T13:28:43.52509+00:00,Siska,no,160.0,97.0,91.0,85.0,95.0,apple,['sporty'],"['outer', 'jeans', 'kaos']"
5319,2026-06-12T13:29:18.043285+00:00,Cahaya,no,160.0,97.0,91.0,85.0,95.0,apple,['casual'],"['blus', 'rok', 'kaos']"
5320,2026-06-12T13:31:31.975715+00:00,Anggi,no,156.0,89.0,90.0,75.0,89.0,rectangle,['classic'],"['kemeja', 'blazer', 'celana']"
5321,2026-06-12T13:42:15.810997+00:00,Fera,no,157.0,94.0,92.0,69.0,93.0,hourglass,['formal'],"['setelan', 'rok', 'kemeja']"
5322,2026-06-12T13:43:02.547704+00:00,Nisa,no,159.0,96.0,94.0,71.0,95.0,hourglass,['formal'],"['setelan', 'celana', 'blazer']"
5323,2026-06-12T13:43:39.258106+00:00,Dian,no,161.0,98.0,96.0,73.0,97.0,hourglass,['formal'],"['setelan', 'kemeja', 'celana']"
5324,2026-06-12T13:45:32.561217+00:00,Kiki,no,155.0,84.0,86.0,68.0,95.0,pear,['bohemian'],"['rok', 'kaos', 'blus']"
5325,2026-06-12T13:46:11.695006+00:00,Leni,no,157.0,86.0,88.0,70.0,97.0,pear,['bohemian'],"['rok', 'outer', 'blus']"
5326,2026-06-12T13:47:27.346103+00:00,Umi,no,156.0,99.0,92.0,71.0,88.0,inverted,['bohemian'],"['rok', 'blus', 'knit']"
5327,2026-06-12T13:48:45.801476+00:00,Vera,no,158.0,98.0,94.0,73.0,90.0,inverted,['bohemian'],"['rok', 'kaos', 'blus']"
5328,2026-06-12T13:50:06.537655+00:00,Bela,no,156.0,89.0,90.0,75.0,89.0,rectangle,['bohemian'],"['rok', 'kaos', 'blus']"
5329,2026-06-12T13:51:22.574944+00:00,Cika,no,158.0,90.0,91.0,76.0,90.0,rectangle,['bohemian'],"['rok', 'blus', 'knit']"
5330,2026-06-12T13:52:14.045871+00:00,Nora,no,153.0,82.0,84.0,67.0,93.0,pear,['formal'],"['blazer', 'kemeja', 'celana']"
5331,2026-06-12T13:53:02.542775+00:00,Pita,no,155.0,84.0,86.0,68.0,95.0,pear,['formal'],"['blazer', 'setelan', 'rok']"
5332,2026-06-12T13:54:01.726045+00:00,Ulfa,no,156.0,96.0,92.0,71.0,88.0,inverted,['formal'],"['blazer', 'celana', 'kemeja']"
5333,2026-06-12T13:56:11.866138+00:00,Hara,no,154.0,88.0,89.0,74.0,88.0,rectangle,['sporty'],"['outer', 'kaos', 'jeans']"
5334,2026-06-12T13:56:48.976992+00:00,Ida,no,156.0,89.0,90.0,75.0,89.0,rectangle,['sporty'],"['outer', 'jeans', 'kaos']"
5335,2026-06-12T13:57:36.767638+00:00,Cantika,no,160.0,92.0,93.0,78.0,92.0,rectangle,['casual'],"['kaos', 'jeans', 'celana']"
5336,2026-06-12T13:58:15.279332+00:00,Kezia,no,162.0,94.0,95.0,80.0,94.0,rectangle,['casual'],"['kaos', 'jeans', 'blus']"
5337,2026-06-12T14:00:39.872853+00:00,Mira,no,156.0,96.0,92.0,71.0,88.0,inverted,['sporty'],"['outer', 'kaos', 'celana']"
5338,2026-06-12T14:01:12.602472+00:00,Nira,no,158.0,98.0,94.0,73.0,90.0,inverted,['sporty'],"['outer', 'jeans', 'kaos']"
5339,2026-06-12T14:02:05.763562+00:00,Vira,no,152.0,90.0,85.0,79.0,88.0,apple,['sporty'],"['outer', 'kaos', 'jeans']"
5340,2026-06-12T14:02:35.237698+00:00,Wara,no,154.0,91.0,86.0,80.0,89.0,apple,['sporty'],"['outer', 'celana', 'kaos']"
5341,2026-06-12T14:04:47.241759+00:00,Yuni,no,155.0,92.0,90.0,68.0,91.0,hourglass,['classic'],"['dress', 'rok', 'blus']"
5342,2026-06-12T14:05:54.286112+00:00,Wulan,no,161.0,98.0,96.0,73.0,97.0,hourglass,['classic'],"['dress', 'rok', 'kemeja']"
5343,2026-06-12T14:07:16.430657+00:00,Sari,no,163.0,100.0,98.0,75.0,99.0,hourglass,['classic'],"['dress', 'blus', 'jeans']"
5344,2026-06-12T14:08:27.74035+00:00,Ami,no,157.0,94.0,92.0,69.0,93.0,hourglass,['sporty'],"['jumpsuit', 'celana', 'kaos']"
5345,2026-06-12T14:09:18.861908+00:00,Lia,no,159.0,96.0,94.0,71.0,95.0,hourglass,['sporty'],"['jumpsuit', 'jeans', 'outer']"
5346,2026-06-12T14:49:17.783657+00:00,Kartika,no,154.0,91.0,86.0,80.0,89.0,apple,['casual'],"['blus', 'celana', 'kaos']"
5347,2026-06-12T14:50:42.226245+00:00,Permata,no,156.0,93.0,87.0,82.0,91.0,apple,['casual'],"['blus', 'jeans', 'rok']"
5348,2026-06-12T14:51:29.069171+00:00,Pertiwi,no,164.0,104.0,100.0,78.0,96.0,inverted,['casual'],"['kaos', 'blus', 'jeans', 'rok']"
5349,2026-06-12T14:52:13.135146+00:00,Jana,no,158.0,90.0,91.0,76.0,90.0,rectangle,['sporty'],"['outer', 'kaos', 'celana', 'blus']"
5350,2026-06-12T14:53:37.833456+00:00,Susi,no,159.0,88.0,90.0,72.0,99.0,pear,['formal'],"['blazer', 'celana', 'kemeja']"
5351,2026-06-12T14:54:27.935172+00:00,Tika,no,161.0,90.0,92.0,74.0,101.0,pear,['formal'],"['blazer', 'celana', 'blus']"
5352,2026-06-12T15:04:39.785958+00:00,Mirna,no,160.0,92.0,93.0,78.0,92.0,rectangle,['classic'],"['kemeja', 'celana', 'rok']"
5353,2026-06-12T15:05:23.859226+00:00,Dwi,no,162.0,94.0,95.0,80.0,94.0,rectangle,['classic'],"['kemeja', 'rok', 'blus']"
5354,2026-06-12T15:06:34.918813+00:00,Ines,no,154.0,91.0,86.0,80.0,89.0,apple,['bohemian'],"['rok', 'kaos', 'blus']"
5355,2026-06-12T15:08:47.826928+00:00,Novi,no,161.0,98.0,96.0,73.0,97.0,hourglass,['sporty'],"['jumpsuit', 'kaos', 'celana', 'knit']"
5356,2026-06-12T15:11:36.116668+00:00,Siti,no,155.0,90.0,92.0,68.0,91.0,hourglass,['casual'],"['dress', 'blus', 'jeans']"
5357,2026-06-12T15:12:23.863204+00:00,Reni,no,163.0,100.0,98.0,75.0,99.0,hourglass,['formal'],"['setelan', 'rok', 'blazer']"
5358,2026-06-12T15:13:04.563047+00:00,Indah,no,157.0,94.0,92.0,69.0,93.0,hourglass,['bohemian'],"['dress', 'blus', 'rok', 'kaos']"
5359,2026-06-12T15:14:32.552619+00:00,Unik,no,155.0,84.0,86.0,68.0,95.0,pear,['casual'],"['blus', 'celana', 'rok', 'kaos']"
5360,2026-06-12T15:15:16.273336+00:00,Vela,no,157.0,86.0,88.0,70.0,97.0,pear,['casual'],"['blus', 'kaos', 'jeans', 'rok', 'celana']"
5361,2026-06-12T15:16:23.012669+00:00,Wita,no,159.0,88.0,90.0,72.0,99.0,pear,['casual'],"['blus', 'rok', 'kaos', 'celana']"
5362,2026-06-12T15:17:07.149847+00:00,Anisa,no,154.0,88.0,89.0,74.0,88.0,rectangle,['casual'],"['kaos', 'celana', 'jeans', 'kemeja']"
5363,2026-06-12T15:17:48.224052+00:00,Rizki,no,156.0,89.0,90.0,75.0,89.0,rectangle,['casual'],"['kaos', 'outer', 'jeans']"
5364,2026-06-12T15:18:32.210638+00:00,Wahyu,no,160.0,100.0,96.0,74.0,92.0,inverted,['casual'],"['kaos', 'rok', 'jeans']"
5365,2026-06-12T15:19:03.621761+00:00,Bintang,no,158.0,95.0,89.0,84.0,93.0,apple,['casual'],"['blus', 'celana', 'kaos']"
5366,2026-06-12T15:19:52.57352+00:00,Putri,no,159.0,96.0,94.0,71.0,95.0,hourglass,['bohemian'],"['dress', 'outer', 'rok', 'blus']"
5367,2026-06-12T15:20:36.980926+00:00,Rara,no,163.0,100.0,98.0,75.0,99.0,hourglass,['bohemian'],"['dress', 'kaos', 'rok', 'blus', 'kemeja']"
5368,2026-06-12T15:21:08.124817+00:00,Novi,no,161.0,98.0,96.0,73.0,97.0,hourglass,['sporty'],"['jumpsuit', 'kaos', 'celana']"
5369,2026-06-12T15:21:40.673456+00:00,Vina,no,158.0,90.0,91.0,76.0,90.0,rectangle,['formal'],"['setelan', 'kemeja', 'rok', 'kaos']"
5370,2026-06-12T15:22:18.443747+00:00,Gita,no,160.0,92.0,93.0,78.0,92.0,rectangle,['formal'],"['setelan', 'kemeja', 'rok']"
5371,2026-06-12T15:22:48.120886+00:00,Fani,no,162.0,94.0,95.0,80.0,94.0,rectangle,['formal'],"['setelan', 'celana', 'blazer']"
5372,2026-06-12T15:23:19.516318+00:00,Dina,no,160.0,97.0,91.0,85.0,95.0,apple,['classic'],"['setelan', 'kemeja', 'jeans', 'celana']"
5373,2026-06-12T15:25:04.060833+00:00,Heni,no,159.0,88.0,90.0,72.0,99.0,pear,['classic'],"['rok', 'kemeja', 'blazer']"
5374,2026-06-12T15:25:37.469411+00:00,Mona,no,159.0,88.0,90.0,42.0,99.0,pear,['bohemian'],"['rok', 'blus', 'knit']"
5375,2026-06-12T15:26:11.246257+00:00,Neni,no,161.0,90.0,92.0,74.0,101.0,pear,['bohemian'],"['rok', 'kaos', 'knit', 'celana']"
5376,2026-06-12T15:26:38.000915+00:00,Tina,no,164.0,104.0,100.0,78.0,96.0,inverted,['classic'],"['rok', 'blus', 'knit']"
5377,2026-06-12T15:27:12.859486+00:00,Weni,no,160.0,100.0,96.0,74.0,92.0,inverted,['bohemian'],"['rok', 'blus', 'outer']"
5378,2026-06-12T15:28:48.141707+00:00,Yola,no,162.0,102.0,98.0,76.0,94.0,inverted,['bohemian'],"['rok', 'knit', 'blus']"
5379,2026-06-12T15:33:03.708683+00:00,Yuli,no,161.0,90.0,92.0,74.0,101.0,pear,['casual'],"['blus', 'jeans', 'rok']"
5380,2026-06-12T15:33:38.799681+00:00,Nadia,no,163.0,91.0,93.0,75.0,102.0,pear,['casual'],"['blus', 'kaos', 'rok', 'jeans']"
5381,2026-06-12T15:34:14.608576+00:00,Farah,no,155.0,84.0,86.0,68.0,95.0,pear,['sporty'],"['kaos', 'outer', 'jeans']"
5382,2026-06-12T15:34:53.665895+00:00,Laila,no,157.0,86.0,88.0,70.0,97.0,pear,['sporty'],"['kaos', 'jeans', 'celana']"
5383,2026-06-12T15:35:25.589605+00:00,Safira,no,161.0,90.0,92.0,74.0,101.0,pear,['sporty'],"['kaos', 'jeans', 'outer', 'celana']"
5384,2026-06-12T15:36:03.651414+00:00,Lestari,no,162.0,102.0,98.0,76.0,94.0,inverted,['casual'],"['kaos', 'celana', 'rok', 'kemeja']"
5385,2026-06-12T15:36:47.345789+00:00,Rini,no,157.0,86.0,88.0,70.0,97.0,pear,['formal'],"['blazer', 'celana', 'setelan']"
5386,2026-06-12T15:37:21.245399+00:00,Rika,no,158.0,95.0,89.0,84.0,93.0,apple,['sporty'],"['outer', 'kaos', 'celana', 'blus']"
5387,2026-06-12T15:38:00.658036+00:00,Wina,no,160.0,100.0,96.0,74.0,92.0,inverted,['formal'],"['blazer', 'rok', 'kemeja']"
5388,2026-06-12T15:38:29.178644+00:00,Tara,yes,,,,,,inverted,['sporty'],"['outer', 'jeans', 'kaos', 'blus']"
5389,2026-06-12T15:38:57.200614+00:00,Yani,yes,,,,,,inverted,['formal'],"['blazer', 'celana', 'blus']"
5390,2026-06-12T15:39:31.718112+00:00,Sara,no,162.0,102.0,98.0,76.0,94.0,inverted,['sporty'],"['outer', 'celana', 'jumpsuit', 'jeans']"
5391,2026-06-12T15:40:19.890775+00:00,zahra,no,164.0,104.0,100.0,78.0,96.0,inverted,['formal'],"['blazer', 'setelan', 'kemeja', 'dress']"
5392,2026-06-12T15:44:41.756201+00:00,Sekar,no,164.0,104.0,100.0,78.0,96.0,inverted,['bohemian'],"['rok', 'outer', 'kaos', 'blus']"
5393,2026-06-12T15:45:24.465778+00:00,Rahayu,no,162.0,94.0,95.0,80.0,94.0,rectangle,['bohemian'],"['rok', 'blus', 'kemeja', 'kaos']"
5394,2026-06-12T15:46:15.776307+00:00,Niken,no,156.0,93.0,87.0,82.0,91.0,apple,['bohemian'],"['rok', 'knit', 'blus', 'kaos']"
5395,2026-06-12T15:46:51.274868+00:00,Ratih,no,154.0,91.0,86.0,80.0,89.0,apple,['formal'],"['blazer', 'kemeja', 'rok']"
5396,2026-06-12T15:47:56.287233+00:00,Setyani,no,160.0,100.0,96.0,74.0,92.0,inverted,['sporty'],"['outer', 'rok', 'blus', 'kaos']"
5397,2026-06-12T15:48:24.535744+00:00,Mulyani,no,162.0,94.0,95.0,80.0,94.0,rectangle,['sporty'],"['outer', 'jeans', 'blus', 'rok']"
5398,2026-06-12T15:49:04.95983+00:00,arimbi,no,156.0,93.0,87.0,82.0,91.0,apple,['formal'],"['blazer', 'setelan', 'celana']"
5399,2026-06-12T15:49:48.076583+00:00,Rindang,no,160.0,92.0,93.0,78.0,92.0,rectangle,['sporty'],"['outer', 'celana', 'kaos', 'blus']"
5400,2026-06-12T15:51:10.428463+00:00,Kencani,no,160.0,97.0,91.0,85.0,95.0,apple,['formal'],"['blazer', 'setelan', 'kemeja', 'blus']"
5401,2026-06-12T16:33:53.473662+00:00,Rini,no,161.0,37.0,88.0,62.0,89.0,hourglass,['casual'],"['dress', 'jumpsuit', 'blus']"
5402,2026-06-12T16:33:53.473662+00:00,Sari,no,158.0,36.0,86.0,60.0,87.0,hourglass,['bohemian'],"['dress', 'setelan', 'rok']"
5403,2026-06-12T16:33:53.473662+00:00,Nita,no,160.0,37.0,87.0,61.0,88.0,hourglass,['sporty'],"['jumpsuit', 'setelan', 'kaos']"
5404,2026-06-12T16:33:53.473662+00:00,Rika,no,162.0,37.0,89.0,63.0,90.0,hourglass,['bohemian'],"['dress', 'setelan']"
5405,2026-06-12T16:33:53.473662+00:00,Yanti,no,159.0,36.0,85.0,59.0,86.0,hourglass,['casual'],"['dress', 'jumpsuit', 'blus']"
5406,2026-06-12T16:33:53.473662+00:00,Mega,no,164.0,38.0,91.0,65.0,92.0,hourglass,['bohemian'],"['dress', 'setelan']"
5407,2026-06-12T16:33:53.473662+00:00,Lusi,no,163.0,37.0,92.0,65.0,93.0,hourglass,['casual'],"['dress', 'jumpsuit']"
5408,2026-06-12T16:33:53.473662+00:00,Yani,no,168.0,42.0,95.0,76.0,84.0,inverted,['formal'],"['blazer', 'outer', 'kemeja']"
5409,2026-06-12T16:33:53.473662+00:00,Neni,no,165.0,41.0,93.0,74.0,82.0,inverted,['formal'],"['blazer', 'outer', 'kemeja']"
5410,2026-06-12T16:33:53.473662+00:00,Weni,no,163.0,41.0,94.0,75.0,83.0,inverted,['formal'],"['blazer', 'outer', 'kemeja']"
5411,2026-06-12T16:33:53.473662+00:00,Umi,no,166.0,42.0,96.0,77.0,85.0,inverted,['formal'],"['blazer', 'outer']"
5412,2026-06-12T16:33:53.473662+00:00,Nana,no,171.0,44.0,99.0,80.0,88.0,inverted,['formal'],"['blazer', 'outer', 'blus']"
5413,2026-06-12T16:33:53.473662+00:00,Pia,no,155.0,38.0,87.0,74.0,95.0,apple,['formal'],"['blazer', 'outer', 'kemeja']"
5414,2026-06-12T16:33:53.473662+00:00,Ida,no,153.0,38.0,89.0,76.0,97.0,apple,['formal'],"['blazer', 'outer', 'kemeja']"
5415,2026-06-12T16:33:53.473662+00:00,Evi,no,156.0,39.0,87.0,74.0,95.0,apple,['formal'],"['blazer', 'outer', 'blus']"
5416,2026-06-12T16:33:53.473662+00:00,Endang,no,160.0,40.0,85.0,72.0,93.0,apple,['formal'],"['blazer', 'outer']"
5417,2026-06-12T16:33:53.473662+00:00,Jumila,no,158.0,39.0,87.0,74.0,95.0,apple,['formal'],"['blazer', 'outer', 'kemeja']"
5418,2026-06-12T16:33:53.473662+00:00,Lestari,no,158.0,36.0,82.0,74.0,92.0,pear,['formal'],"['blazer', 'outer', 'blus']"
5419,2026-06-12T16:33:53.473662+00:00,Farida,no,168.0,42.0,95.0,76.0,84.0,inverted,['casual'],"['kaos', 'blus', 'kemeja', 'celana']"
5420,2026-06-12T16:33:53.473662+00:00,Nabila,no,157.0,36.0,82.0,74.0,92.0,pear,['sporty'],"['kaos', 'blus', 'celana']"
5421,2026-06-12T16:33:53.473662+00:00,Zelda,no,155.0,38.0,87.0,74.0,95.0,apple,['casual'],"['blus', 'kaos', 'rok']"
5422,2026-06-06T02:36:21.149308+00:00,Selsha,yes,161.0,,,,,rectangle,['casual'],"['kaos', 'dress', 'jeans', 'setelan', 'outer', 'knit']"
5423,2026-06-06T02:41:03.053986+00:00,Nurul,no,160.0,38.0,82.0,68.0,92.0,rectangle,['casual'],"['kaos', 'celana']"
5424,2026-06-06T02:53:53.834354+00:00,novi,yes,,,,,,hourglass,"['casual', 'classic']","['dress', 'celana', 'blus', 'kemeja', 'jeans', 'kaos', 'knit', 'outer']"
5425,2026-06-06T03:10:17.241152+00:00,Alya,yes,,,,,,inverted,['casual'],"['kaos', 'knit']"
5426,2026-06-06T03:10:35.185585+00:00,Namira,no,150.0,39.0,87.0,69.0,93.0,pear,"['casual', 'classic']","['blus', 'jeans', 'kemeja', 'outer', 'kaos', 'celana']"
5427,2026-06-06T03:20:41.690608+00:00,Ily Cantik,yes,,,,,,pear,['casual'],"['blus', 'kaos', 'jeans', 'blazer', 'knit', 'celana']"
5428,2026-06-06T03:34:46.967975+00:00,Silka Tiara,yes,,,,,,rectangle,['casual'],"['kaos', 'dress']"
5429,2026-06-06T03:39:00.873156+00:00,Suchita,no,170.0,38.0,98.0,68.0,92.0,pear,['casual'],"['blus', 'kemeja', 'celana', 'jeans', 'kaos', 'blazer']"
5430,2026-06-06T05:07:57.748956+00:00,Naisya,no,163.0,41.0,79.0,65.0,80.0,pear,"['casual', 'classic', 'sporty', 'formal']","['blus', 'kemeja', 'jeans', 'outer', 'celana', 'kaos', 'rok', 'knit']"
5431,2026-06-06T05:11:07.047681+00:00,Dara Lingga Elmira,no,162.0,40.0,90.0,68.0,90.0,rectangle,"['casual', 'formal']","['kaos', 'rok', 'celana', 'jeans']"
5432,2026-06-06T05:11:19.157889+00:00,Dini,yes,159.0,,,,,pear,"['bohemian', 'casual']","['rok', 'dress', 'kemeja', 'kaos', 'celana', 'jeans', 'knit']"
5433,2026-06-06T05:18:25.90107+00:00,Echa,no,162.0,38.0,86.0,64.0,90.0,pear,['casual'],"['blus', 'celana']"
5434,2026-06-06T07:51:09.027216+00:00,Naisya,no,159.0,38.0,86.0,68.0,92.0,pear,"['casual', 'bohemian']","['blus', 'rok', 'kemeja', 'kaos', 'dress', 'blazer']"
5435,2026-06-06T08:01:13.425527+00:00,Bila,yes,155.0,,,,,rectangle,['classic'],"['kemeja', 'jeans']"
5436,2026-06-06T10:09:45.541971+00:00,Riska Lutviani,yes,,,,,,rectangle,['casual'],"['kaos', 'kemeja', 'celana', 'jeans', 'setelan', 'outer']"
5437,2026-06-06T12:06:36.469802+00:00,Annisa,yes,,,,,,rectangle,['casual'],"['kaos', 'dress', 'rok', 'blus', 'kemeja', 'celana', 'jeans', 'jumpsuit', 'blazer', 'knit', 'outer', 'setelan']"
5438,2026-06-06T12:35:28.028145+00:00,Meisya,no,170.0,54.0,110.0,70.0,80.0,pear,['casual'],"['blus', 'celana']"
5439,2026-06-06T14:26:31.679528+00:00,Rifa Fitriyani,no,155.0,38.0,86.0,68.0,92.0,inverted,"['formal', 'classic']","['blazer', 'outer', 'setelan']"
5440,2026-06-08T11:32:56.08274+00:00,Lia,no,155.0,45.0,92.0,68.0,92.0,pear,"['casual', 'sporty', 'classic']","['blus', 'jeans', 'kaos', 'dress', 'rok', 'kemeja', 'celana', 'knit', 'outer', 'setelan']"
5441,2026-06-08T11:43:59.913836+00:00,GITA,yes,,,,,,rectangle,['casual'],"['kaos', 'celana', 'kemeja', 'blus', 'jeans']"
5442,2026-06-08T11:50:07.119872+00:00,Desmita,no,158.0,38.0,86.0,68.0,92.0,pear,['casual'],"['blus', 'jeans']"
5443,2026-06-08T11:56:49.165146+00:00,Shill,no,153.0,38.0,86.0,68.0,94.0,inverted,['casual'],"['kaos', 'celana']"
5444,2026-06-08T12:08:28.533577+00:00,Queen,no,155.0,45.0,83.0,78.0,86.0,apple,"['sporty', 'casual', 'classic', 'bohemian']","['outer', 'jeans', 'kemeja', 'kaos', 'celana', 'knit']"
5445,2026-06-08T12:16:45.560149+00:00,najwa,yes,158.0,,,,,hourglass,"['casual', 'classic', 'formal']","['dress', 'celana', 'knit', 'outer', 'jeans', 'kaos', 'kemeja']"
5446,2026-06-08T12:20:30.077816+00:00,Mikaila,no,155.0,52.0,113.0,110.0,110.0,pear,['casual'],"['blus', 'kemeja', 'kaos', 'jeans', 'setelan']"
5447,2026-06-08T12:27:56.569753+00:00,NACCYY,no,150.0,38.0,80.0,60.0,90.0,pear,"['casual', 'bohemian']","['blus', 'dress', 'kemeja', 'kaos', 'jeans', 'celana', 'blazer', 'setelan', 'knit', 'outer', 'jumpsuit']"
5448,2026-06-08T12:32:22.596505+00:00,Intan,yes,,,,,,hourglass,['formal'],"['setelan', 'blazer', 'dress', 'rok', 'blus', 'kemeja', 'celana', 'jeans']"
5449,2026-06-08T12:40:43.59221+00:00,Rania,no,160.0,37.0,88.0,62.0,89.0,pear,['casual'],"['blus', 'dress', 'rok', 'kemeja']"
5450,2026-06-08T12:48:15.118265+00:00,Dian,yes,,,,,,inverted,['formal'],"['blazer', 'dress']"
5451,2026-06-08T13:38:22.989118+00:00,Puput,yes,154.0,,,,,inverted,"['casual', 'classic']","['kaos', 'jeans', 'knit', 'rok']"
5452,2026-06-08T14:12:40.56907+00:00,Tasya,yes,,,,,,inverted,"['casual', 'formal']","['kaos', 'rok', 'blus', 'celana', 'jeans']"
5453,2026-06-08T14:57:57.82159+00:00,Aya,yes,,,,,,hourglass,['casual'],"['dress', 'celana', 'setelan', 'kaos']"
5454,2026-06-08T15:10:58.013758+00:00,ma,yes,,,,,,rectangle,"['casual', 'bohemian']","['kaos', 'kemeja', 'jeans']"
5455,2026-06-08T15:19:11.943721+00:00,hanum,no,153.0,100.0,90.0,74.0,90.0,rectangle,"['casual', 'bohemian', 'classic']","['kaos', 'celana', 'setelan', 'rok', 'blus', 'jeans', 'blazer', 'dress']"
5456,2026-06-08T17:54:24.673879+00:00,Aliefia,yes,,,,,,pear,"['casual', 'formal']","['blus', 'celana', 'jeans', 'outer', 'kemeja', 'kaos', 'rok', 'setelan']"
5457,2026-06-08T18:04:50.964837+00:00,Alfiana,yes,,,,,,rectangle,['casual'],"['kaos', 'celana', 'kemeja', 'setelan']"
5458,2026-06-09T00:49:42.525894+00:00,Putri,no,149.0,36.0,85.0,68.0,92.0,rectangle,['casual'],"['kaos', 'blus']"
5459,2026-06-09T01:22:36.499444+00:00,karina,yes,139.0,,,,,rectangle,['classic'],"['kemeja', 'rok', 'knit', 'celana']"
5460,2026-06-09T01:24:00.943911+00:00,nadiya,yes,,,,,,inverted,"['casual', 'classic']","['kaos', 'kemeja', 'celana', 'jeans']"
5461,2026-06-09T02:21:12.708969+00:00,nes,yes,,,,,,rectangle,['casual'],"['kaos', 'rok']"
5462,2026-06-09T03:12:49.239414+00:00,Nisa,yes,,,,,,inverted,['classic'],"['rok', 'celana', 'jeans', 'knit', 'kemeja', 'outer', 'kaos', 'blazer', 'blus']"
5463,2026-06-09T04:58:17.556435+00:00,Novita,no,148.0,38.0,80.0,68.0,90.0,pear,['casual'],"['blus', 'setelan']"
5464,2026-06-09T07:26:22.171282+00:00,Dila,yes,,,,,,apple,['casual'],"['blus', 'celana']"
5465,2026-06-09T08:13:17.091492+00:00,Fafa,no,167.0,37.0,75.0,56.0,78.0,pear,['classic'],"['rok', 'kemeja', 'celana']"
5466,2026-06-09T11:15:30.956764+00:00,Tiana,yes,,,,,,hourglass,['casual'],"['dress', 'knit', 'kemeja', 'jeans', 'celana', 'setelan', 'kaos']"
5467,2026-06-09T12:49:07.988844+00:00,abil,yes,,,,,,inverted,"['casual', 'bohemian']","['kaos', 'kemeja', 'celana', 'blazer', 'knit', 'outer', 'rok', 'setelan']"
5468,2026-06-09T13:40:11.67588+00:00,naya,no,150.0,38.0,70.0,70.0,60.0,pear,['casual'],"['blus', 'knit', 'outer']"
5469,2026-06-09T14:50:32.776734+00:00,Fifi,no,150.0,40.0,87.0,70.0,100.0,pear,['casual'],"['blus', 'dress', 'kemeja', 'jeans', 'celana', 'knit', 'rok']"
5470,2026-06-09T15:00:23.595949+00:00,Orang cantik,yes,,,,,,apple,['casual'],"['blus', 'kaos']"
5471,2026-06-10T01:42:27.037712+00:00,Cici,yes,160.0,,,,,pear,['casual'],"['blus', 'dress', 'knit', 'outer', 'kaos', 'blazer', 'setelan']"
5472,2026-06-10T04:25:28.309737+00:00,"Mis, rara",yes,,,,,,rectangle,['casual'],"['kaos', 'jeans']"
5473,2026-06-10T05:31:34.509535+00:00,Mia,no,155.0,40.0,110.0,60.0,105.0,pear,['casual'],"['blus', 'kemeja']"
5474,2026-06-10T10:46:49.069108+00:00,Jou,no,160.0,46.0,96.0,68.0,86.0,pear,['classic'],"['rok', 'blus', 'jeans', 'knit', 'outer', 'setelan', 'blazer']"
5475,2026-06-10T13:18:47.924518+00:00,Rinda,no,149.0,34.0,74.0,56.0,88.0,pear,['casual'],"['blus', 'knit']"
5476,2026-06-10T13:39:48.073053+00:00,Siska,no,149.0,38.0,80.0,68.0,92.0,rectangle,['bohemian'],"['rok', 'dress']"
5477,2026-06-11T09:34:57.779403+00:00,Mis. Rina,yes,,,,,,rectangle,['casual'],"['kaos', 'celana']"
5478,2026-06-11T15:20:45.729585+00:00,princess cantik bgt,no,160.0,40.0,90.0,68.0,92.0,pear,['casual'],"['blus', 'dress', 'kaos', 'kemeja', 'rok', 'jeans', 'celana', 'setelan']"
5479,2026-06-11T15:21:29.562854+00:00,Vivi,yes,,,,,,inverted,['sporty'],"['outer', 'kaos', 'jumpsuit', 'blazer']"
5480,2026-06-11T15:23:20.386981+00:00,Kimtaeri,yes,160.0,38.0,86.0,68.0,,rectangle,"['classic', 'bohemian', 'sporty', 'formal', 'casual']","['kemeja', 'dress', 'rok', 'blus', 'celana', 'jeans', 'knit', 'blazer', 'outer', 'setelan', 'jumpsuit', 'kaos']"
5481,2026-06-11T20:42:19.658434+00:00,Jane,no,154.0,40.0,84.0,76.0,86.0,rectangle,['casual'],"['kaos', 'celana', 'outer', 'kemeja', 'jeans', 'blazer', 'setelan']"
5482,2026-06-12T02:15:25.044687+00:00,Sabrina Queenza,yes,,,,,,rectangle,"['casual', 'classic']","['kaos', 'dress']"
5483,2026-06-12T04:26:15.859303+00:00,Nur aisyah,no,155.0,38.0,93.0,88.0,96.0,apple,['casual'],"['blus', 'dress', 'rok']"
5484,2026-06-12T04:37:55.769081+00:00,Evecoming,no,160.0,38.0,80.0,50.0,89.0,pear,['classic'],"['rok', 'jeans', 'kaos', 'outer']"
5485,2026-06-12T04:54:56.733204+00:00,Dewi,no,159.0,96.0,94.0,71.0,95.0,hourglass,['casual'],"['dress', 'jeans', 'kaos']"
5486,2026-06-12T04:55:47.003712+00:00,Ayu,no,161.0,98.0,96.0,73.0,97.0,hourglass,['casual'],"['dress', 'celana', 'blus']"
5487,2026-06-12T05:11:17.883856+00:00,Jeni,no,153.0,82.0,84.0,67.0,93.0,pear,['bohemian'],"['rok', 'outer', 'blus']"
5488,2026-06-12T13:14:27.344834+00:00,Kartika,no,154.0,91.0,86.0,80.0,89.0,apple,['casual'],"['blus', 'jeans', 'rok']"
5489,2026-06-12T13:15:28.407459+00:00,Ananda,no,152.0,90.0,85.0,79.0,88.0,apple,['casual'],"['blus', 'celana', 'kaos']"
5490,2026-06-12T13:16:40.165524+00:00,Melati,no,166.0,106.0,102.0,80.0,98.0,inverted,['casual'],"['kaos', 'blus', 'rok']"
5491,2026-06-12T13:19:37.323666+00:00,Bunga,no,154.0,88.0,89.0,74.0,88.0,rectangle,['classic'],"['kemeja', 'celana', 'rok']"
5492,2026-06-12T13:20:30.795037+00:00,Pertiwi,no,164.0,104.0,100.0,78.0,96.0,inverted,['casual'],"['kaos', 'blus', 'jeans']"
5493,2026-06-12T13:21:55.989872+00:00,Lina,no,155.0,92.0,90.0,68.0,91.0,hourglass,['formal'],"['setelan', 'blazer', 'kemeja']"
5494,2026-06-12T13:22:46.255595+00:00,Devi,no,155.0,92.0,90.0,68.0,91.0,hourglass,['sporty'],"['jumpsuit', 'jeans', 'kaos']"
5495,2026-06-12T13:30:07.237051+00:00,Silvi,no,158.0,90.0,91.0,76.0,90.0,rectangle,['classic'],"['kemeja', 'celana', 'rok']"
5496,2026-06-12T13:54:37.510963+00:00,Vita,no,158.0,98.0,94.0,73.0,90.0,inverted,['formal'],"['blazer', 'setelan', 'kemeja']"
5497,2026-06-12T13:55:24.392424+00:00,Alfa,no,152.0,90.0,85.0,79.0,88.0,apple,['formal'],"['blazer', 'celana', 'kemeja']"
5498,2026-06-12T15:50:29.504987+00:00,Larasati,no,158.0,95.0,98.0,84.0,93.0,rectangle,['formal'],"['setelan', 'blazer', 'celana', 'blus']"
5499,2026-06-12T16:33:53.473662+00:00,Dewi,no,165.0,38.0,90.0,63.0,91.0,hourglass,['casual'],"['dress', 'jumpsuit', 'kaos']"
5500,2026-06-12T16:33:53.473662+00:00,Wulan,no,157.0,36.0,82.0,74.0,92.0,pear,['bohemian'],"['rok', 'dress', 'setelan', 'blus']"
5501,2026-06-12T16:33:53.473662+00:00,Novi,no,160.0,36.0,80.0,72.0,90.0,pear,['casual'],"['blus', 'dress', 'jumpsuit', 'kaos']"
5502,2026-06-12T16:33:53.473662+00:00,Rosi,no,155.0,35.0,84.0,76.0,94.0,pear,['bohemian'],"['rok', 'dress', 'setelan']"
5503,2026-06-12T16:33:53.473662+00:00,Alin,no,158.0,36.0,79.0,71.0,89.0,pear,['casual'],"['blus', 'jumpsuit', 'dress']"
5504,2026-06-12T16:33:53.473662+00:00,Fitria,no,162.0,37.0,83.0,75.0,93.0,pear,['bohemian'],"['rok', 'dress', 'setelan']"
5505,2026-06-12T16:33:53.473662+00:00,Yuli,no,156.0,35.0,81.0,73.0,91.0,pear,['casual'],"['blus', 'setelan', 'dress']"
5506,2026-06-12T16:33:53.473662+00:00,Erni,no,159.0,36.0,85.0,77.0,95.0,pear,['bohemian'],"['rok', 'dress', 'jumpsuit', 'kaos']"
5507,2026-06-12T16:33:53.473662+00:00,Rahma,no,163.0,37.0,78.0,70.0,88.0,pear,['casual'],"['blus', 'dress', 'setelan']"
5508,2026-06-12T16:33:53.473662+00:00,Dina,no,155.0,38.0,87.0,74.0,95.0,apple,['casual'],"['blus', 'jumpsuit', 'setelan', 'kaos']"
5509,2026-06-12T16:33:53.473662+00:00,Aisyah,no,157.0,39.0,85.0,72.0,93.0,apple,['bohemian'],"['rok', 'dress', 'jumpsuit', 'blus']"
5510,2026-06-12T16:33:53.473662+00:00,Ratna,no,153.0,38.0,89.0,76.0,97.0,apple,['sporty'],"['outer', 'jumpsuit', 'setelan']"
5511,2026-06-12T16:33:53.473662+00:00,Lia,no,160.0,39.0,86.0,73.0,94.0,apple,['casual'],"['blus', 'dress', 'jumpsuit']"
5512,2026-06-12T16:33:53.473662+00:00,Nori,no,158.0,39.0,87.0,74.0,95.0,apple,['bohemian'],"['rok', 'dress', 'setelan']"
5513,2026-06-12T16:33:53.473662+00:00,Susi,no,163.0,38.0,85.0,81.0,87.0,rectangle,['sporty'],"['outer', 'jumpsuit', 'setelan', 'kaos']"
5514,2026-06-12T16:33:53.473662+00:00,Tina,no,160.0,38.0,83.0,79.0,85.0,rectangle,['bohemian'],"['rok', 'dress', 'setelan', 'blus']"
5515,2026-06-12T16:33:53.473662+00:00,Meysi,no,165.0,41.0,93.0,74.0,83.0,inverted,['bohemian'],"['rok', 'dress', 'setelan', 'kaos']"
5516,2026-06-12T16:33:53.473662+00:00,Devi,no,168.0,42.0,96.0,77.0,86.0,inverted,['casual'],"['kaos', 'jumpsuit', 'dress', 'blus']"
5517,2026-06-12T16:33:53.473662+00:00,Risa,no,170.0,43.0,97.0,78.0,86.0,inverted,['classic'],"['rok', 'blazer', 'outer', 'blus']"
5518,2026-06-12T16:33:53.473662+00:00,Sela,no,167.0,42.0,96.0,77.0,85.0,inverted,['classic'],"['rok', 'blazer', 'outer']"
5519,2026-06-12T16:33:53.473662+00:00,Teti,no,169.0,43.0,98.0,79.0,87.0,inverted,['classic'],"['rok', 'blazer', 'outer', 'blus']"
5520,2026-06-12T16:33:53.473662+00:00,Mita,no,164.0,41.0,94.0,75.0,83.0,inverted,['classic'],"['rok', 'blazer', 'outer', 'kemeja']"
5521,2026-06-12T16:33:53.473662+00:00,Siti,no,162.0,41.0,93.0,74.0,82.0,inverted,['classic'],"['rok', 'blazer', 'outer']"
5522,2026-06-12T16:33:53.473662+00:00,Nurul,no,157.0,39.0,85.0,72.0,93.0,apple,['classic'],"['setelan', 'blazer', 'outer', 'blus']"
5523,2026-06-12T16:33:53.473662+00:00,Yuyun,no,159.0,40.0,86.0,73.0,94.0,apple,['classic'],"['setelan', 'blazer', 'outer']"
5524,2026-06-12T16:33:53.473662+00:00,Riski,no,154.0,38.0,91.0,78.0,99.0,apple,['classic'],"['setelan', 'blazer', 'outer', 'kemeja']"
5525,2026-06-12T16:33:53.473662+00:00,Lastri,no,152.0,38.0,89.0,76.0,97.0,apple,['classic'],"['setelan', 'blazer', 'outer', 'blus']"
5526,2026-06-12T16:33:53.473662+00:00,Sariati,no,161.0,40.0,85.0,72.0,93.0,apple,['classic'],"['setelan', 'blazer', 'outer']"
5527,2026-06-12T16:33:53.473662+00:00,Pujia,no,164.0,39.0,85.0,81.0,87.0,rectangle,['formal'],"['setelan', 'blazer', 'outer', 'kemeja']"
5528,2026-06-12T16:33:53.473662+00:00,Mulya,no,167.0,40.0,87.0,83.0,89.0,rectangle,['classic'],"['kemeja', 'blazer', 'outer', 'blus']"
5529,2026-06-12T16:33:53.473662+00:00,Wahyu,no,162.0,38.0,83.0,79.0,85.0,rectangle,['formal'],"['setelan', 'blazer', 'outer']"
5530,2026-06-12T16:33:53.473662+00:00,Surya,no,163.0,37.0,88.0,62.0,89.0,hourglass,['formal'],"['setelan', 'blazer', 'outer', 'kemeja']"
5531,2026-06-12T16:33:53.473662+00:00,Keisha,no,165.0,39.0,85.0,81.0,87.0,rectangle,['casual'],"['kaos', 'blus', 'kemeja']"
5532,2026-06-12T16:33:53.473662+00:00,Tiara,no,162.0,37.0,88.0,62.0,89.0,hourglass,['sporty'],"['jumpsuit', 'kaos', 'blus', 'rok']"
5533,2026-06-12T16:33:53.473662+00:00,Amanda,no,157.0,36.0,82.0,74.0,92.0,pear,['casual'],"['blus', 'rok', 'celana', 'jeans']"
5534,2026-06-12T16:33:53.473662+00:00,Elisa,no,160.0,36.0,80.0,72.0,90.0,pear,['sporty'],"['kaos', 'celana', 'jeans', 'blus']"
5535,2026-06-12T16:33:53.473662+00:00,Hani,no,165.0,39.0,85.0,81.0,87.0,rectangle,['casual'],"['kaos', 'celana', 'jeans', 'rok']"
5536,2026-06-12T16:33:53.473662+00:00,Fatma,no,162.0,37.0,88.0,62.0,89.0,hourglass,['sporty'],"['jumpsuit', 'rok', 'celana', 'blus']"
5537,2026-06-12T16:33:53.473662+00:00,Laila,no,155.0,38.0,87.0,74.0,95.0,apple,['casual'],"['blus', 'celana', 'rok', 'kaos']"
